{"cameraMode":{"drawMode":0,"name":"Shaded","section":"Shading Mode"},"sceneLighting":false,"audioPlay":false,"sceneViewState":{"showFog":true,"showMaterialUpdate":false,"showSkybox":false,"showFlares":true,"showImageEffects":true,"showParticleSystems":true},"in2DMode":false,"pivot":{"x":150.84521484375,"y":228.98202514648438,"z":-22.681175231933595},"rotation":{"x":0.029921401292085649,"y":-0.07011429220438004,"z":0.002104118699207902,"w":0.9970890879631043},"size":4.931463718414307,"orthographic":true}