{"cameraMode":{"drawMode":0,"name":"Shaded","section":"Shading Mode"},"sceneLighting":false,"audioPlay":false,"sceneViewState":{"showFog":true,"showMaterialUpdate":false,"showSkybox":false,"showFlares":true,"showImageEffects":true,"showParticleSystems":true},"in2DMode":false,"pivot":{"x":-1.1236597299575806,"y":0.9550796747207642,"z":4.08118200302124},"rotation":{"x":-0.17331749200820924,"y":0.3791336119174957,"z":-0.0725208967924118,"w":-0.9060762524604797},"size":14.536212921142579,"orthographic":false}