{"cameraMode":{"drawMode":0,"name":"Shaded","section":"Shading Mode"},"sceneLighting":false,"audioPlay":false,"sceneViewState":{"showFog":true,"showMaterialUpdate":false,"showSkybox":false,"showFlares":true,"showImageEffects":true,"showParticleSystems":true},"in2DMode":false,"pivot":{"x":1189.098388671875,"y":-4.995052337646484,"z":-5.3086090087890629},"rotation":{"x":-0.11074871569871903,"y":-0.8152979016304016,"z":0.1661185473203659,"w":-0.5435498952865601},"size":214.38755798339845,"orthographic":false}