{"cameraMode":{"drawMode":0,"name":"Shaded","section":"Shading Mode"},"sceneLighting":false,"audioPlay":false,"sceneViewState":{"showFog":true,"showMaterialUpdate":false,"showSkybox":false,"showFlares":true,"showImageEffects":true,"showParticleSystems":true},"in2DMode":false,"pivot":{"x":-3.6237330436706545,"y":0.18039417266845704,"z":6.150468349456787},"rotation":{"x":0.12321031838655472,"y":-0.269965797662735,"z":0.03485540673136711,"w":0.9543195366859436},"size":16.159801483154298,"orthographic":false}