{"cameraMode":{"drawMode":0,"name":"Shaded","section":"Shading Mode"},"sceneLighting":true,"audioPlay":false,"sceneViewState":{"showFog":true,"showMaterialUpdate":false,"showSkybox":true,"showFlares":true,"showImageEffects":true,"showParticleSystems":true},"in2DMode":false,"pivot":{"x":-4.014967441558838,"y":15.208545684814454,"z":856.1826171875},"rotation":{"x":-0.30497974157333376,"y":-0.40382713079452517,"z":0.14485086500644685,"w":-0.8502541780471802},"size":86.67523193359375,"orthographic":false}