{"cameraMode":{"drawMode":0,"name":"Shaded","section":"Shading Mode"},"sceneLighting":false,"audioPlay":false,"sceneViewState":{"showFog":true,"showMaterialUpdate":false,"showSkybox":false,"showFlares":true,"showImageEffects":true,"showParticleSystems":true},"in2DMode":false,"pivot":{"x":-2.171347141265869,"y":-1.2143001556396485,"z":6.17122745513916},"rotation":{"x":0.27173635363578799,"y":-0.3020189106464386,"z":0.09025809168815613,"w":0.909285843372345},"size":8.91152572631836,"orthographic":false}