{"cameraMode":{"drawMode":0,"name":"Shaded","section":"Shading Mode"},"sceneLighting":true,"audioPlay":false,"sceneViewState":{"showFog":true,"showMaterialUpdate":true,"showSkybox":true,"showFlares":true,"showImageEffects":true,"showParticleSystems":true},"in2DMode":false,"pivot":{"x":0.7324553728103638,"y":0.9245283603668213,"z":55.70857238769531},"rotation":{"x":0.24192719161510468,"y":0.12936575710773469,"z":-0.03256530314683914,"w":0.9610835909843445},"size":5.313296794891357,"orthographic":false}