{"cameraMode":{"drawMode":0,"name":"Shaded","section":"Shading Mode"},"sceneLighting":false,"audioPlay":false,"sceneViewState":{"showFog":true,"showMaterialUpdate":false,"showSkybox":false,"showFlares":true,"showImageEffects":true,"showParticleSystems":true},"in2DMode":false,"pivot":{"x":-0.37689560651779177,"y":0.07436129450798035,"z":0.2090947926044464},"rotation":{"x":0.2589457035064697,"y":0.5030555129051209,"z":-0.16108623147010804,"w":0.8086612224578857},"size":14.373093605041504,"orthographic":false}