{"cameraMode":{"drawMode":0,"name":"Shaded","section":"Shading Mode"},"sceneLighting":true,"audioPlay":false,"sceneViewState":{"showFog":true,"showMaterialUpdate":false,"showSkybox":true,"showFlares":true,"showImageEffects":true,"showParticleSystems":true},"in2DMode":false,"pivot":{"x":1.794128656387329,"y":0.47558581829071047,"z":1.8323973417282105},"rotation":{"x":0.18871313333511353,"y":-0.12395991384983063,"z":0.024025235325098039,"w":0.9738973379135132},"size":8.69127082824707,"orthographic":true}