{"cameraMode":{"drawMode":0,"name":"Shaded","section":"Shading Mode"},"sceneLighting":true,"audioPlay":false,"sceneViewState":{"showFog":true,"showMaterialUpdate":true,"showSkybox":true,"showFlares":true,"showImageEffects":true,"showParticleSystems":true},"in2DMode":false,"pivot":{"x":20.190536499023439,"y":11.466959953308106,"z":-3.396195888519287},"rotation":{"x":0.16231510043144227,"y":-0.12632369995117188,"z":0.020955100655555726,"w":0.9784048795700073},"size":22.0,"orthographic":false}